1652624100000,30030.87000000,30059.63000000,29852.18000000,29920.01000000,649.07483000,1652624999999,19442624.98169760,12189,283.22671000,8481733.28912780,0
1652625000000,29920.00000000,29980.00000000,29782.01000000,29963.45000000,679.90408000,1652625899999,20316317.79741950,11305,312.05717000,9328282.91756200,0
1652625900000,29963.45000000,30020.00000000,29910.04000000,29974.67000000,369.25218000,1652626799999,11069637.85930420,9082,169.94469000,5094973.34902360,0
1652626800000,29974.67000000,30178.41000000,29965.00000000,30113.27000000,414.30039000,1652627699999,12462310.40952490,10589,215.95624000,6495326.44986370,0
1652627700000,30113.27000000,30117.41000000,29937.57000000,29989.93000000,369.21153000,1652628599999,11076078.82461160,10354,170.89115000,5126491.11986940,0
1652628600000,29989.94000000,29996.79000000,29862.77000000,29922.64000000,376.92508000,1652629499999,11274720.92062890,9821,180.10574000,5386997.37903010,0
1652629500000,29922.65000000,30040.40000000,29847.82000000,30013.47000000,355.81010000,1652630399999,10654146.85731420,9610,167.29889000,5010023.54572460,0
1652630400000,30013.46000000,30117.52000000,29950.01000000,29996.43000000,642.68799000,1652631299999,19298288.84358570,14046,233.92319000,7024902.22407690,0
1652631300000,29996.44000000,30135.16000000,29989.63000000,30106.20000000,312.04418000,1652632199999,9381511.52670810,10610,176.08456000,5293474.41129750,0
1652632200000,30106.19000000,30296.36000000,30052.20000000,30256.53000000,564.50759000,1652633099999,17030028.35513750,11837,307.14593000,9265838.46266560,0
1652633100000,30256.52000000,30269.99000000,30142.39000000,30213.05000000,427.30524000,1652633999999,12903958.78742190,9178,215.42986000,6505582.82439790,0
1652634000000,30213.05000000,30273.23000000,30141.55000000,30269.04000000,340.75119000,1652634899999,10293352.19159090,8763,176.20852000,5322959.51782750,0
1652634900000,30269.04000000,30293.22000000,30194.55000000,30223.80000000,260.12581000,1652635799999,7866439.01864990,7068,135.33380000,4092707.21853370,0
1652635800000,30223.79000000,30223.80000000,30091.14000000,30106.95000000,311.25330000,1652636699999,9380239.93570480,6811,129.98522000,3917056.95387650,0
1652636700000,30106.95000000,30128.71000000,29962.95000000,29990.00000000,321.67958000,1652637599999,9661717.53723950,8855,133.00422000,3993799.00314610,0
1652637600000,29990.01000000,30024.35000000,29936.49000000,30016.54000000,302.73660000,1652638499999,9079837.42380990,7641,134.88436000,4044936.13684300,0
1652638500000,30016.54000000,30085.56000000,29992.49000000,30044.54000000,320.36273000,1652639399999,9626608.24034660,7991,161.32214000,4847572.93429260,0
1652639400000,30044.54000000,30393.92000000,30040.10000000,30382.32000000,834.95750000,1652640299999,25236760.04728250,17801,506.11070000,15297655.48942760,0
1652640300000,30382.32000000,30423.00000000,30240.00000000,30312.10000000,444.47165000,1652641199999,13476149.02718860,10623,223.12308000,6766795.23127350,0
1652641200000,30312.11000000,30367.41000000,30190.00000000,30236.75000000,279.95288000,1652642099999,8476393.29345950,8164,132.45391000,4010479.09812360,0
1652642100000,30236.75000000,30272.90000000,30194.40000000,30209.42000000,173.01313000,1652642999999,5231230.97089760,6039,92.16611000,2786451.91552800,0
1652643000000,30209.42000000,30389.00000000,30206.35000000,30336.18000000,412.96806000,1652643899999,12520993.66064070,10089,224.05620000,6793150.33730050,0
1652643900000,30336.17000000,30500.00000000,30336.17000000,30457.88000000,578.05036000,1652644799999,17586088.05803950,13150,342.74585000,10426582.10757000,0
1652644800000,30457.88000000,30970.99000000,30355.22000000,30819.19000000,2146.44969000,1652645699999,65950642.01770920,50234,1356.92071000,41708567.68335300,0
1652645700000,30819.20000000,31180.00000000,30682.38000000,30986.43000000,2386.47100000,1652646599999,73883860.77600190,49600,1364.58345000,42244749.32139790,0
1652646600000,30986.43000000,31050.00000000,30869.55000000,30909.39000000,780.83514000,1652647499999,24171075.78679770,17395,402.57530000,12460709.81370590,0
1652647500000,30909.39000000,31100.00000000,30873.57000000,31058.19000000,586.59278000,1652648399999,18182535.21004620,12700,321.69904000,9971793.54336730,0
1652648400000,31058.19000000,31220.00000000,30939.33000000,30985.07000000,759.57534000,1652649299999,23597835.67973700,15678,393.56111000,12229725.90047140,0
1652649300000,30985.08000000,30985.08000000,30858.01000000,30897.81000000,533.78431000,1652650199999,16505277.01882650,11649,224.10742000,6930560.95264210,0
1652650200000,30897.80000000,31040.00000000,30870.82000000,30941.89000000,223.29368000,1652651099999,6907753.29954120,8146,132.21012000,4090446.46915500,0
1652651100000,30941.89000000,31130.00000000,30922.88000000,31075.87000000,539.05642000,1652651999999,16737179.66947410,10878,308.97034000,9593260.01228680,0
1652652000000,31075.87000000,31460.00000000,31075.36000000,31180.01000000,1632.57474000,1652652899999,51076034.72076230,28751,922.37076000,28855612.54229340,0
1652652900000,31180.00000000,31265.30000000,31108.30000000,31127.45000000,643.89405000,1652653799999,20082793.66471540,10691,327.05254000,10200335.51955920,0
1652653800000,31127.44000000,31200.00000000,31080.00000000,31185.66000000,452.42074000,1652654699999,14088374.28949250,9209,227.53200000,7085014.78635090,0
1652654700000,31185.66000000,31259.05000000,31085.84000000,31090.70000000,377.85337000,1652655599999,11773689.29312730,9036,177.78192000,5539474.97427550,0
1652655600000,31090.70000000,31134.76000000,31047.61000000,31060.01000000,352.71866000,1652656499999,10966098.61191610,8553,173.72371000,5401112.16704000,0
1652656500000,31060.01000000,31196.95000000,31055.74000000,31151.69000000,282.49219000,1652657399999,8793133.25108430,7791,156.12145000,4858834.97421840,0
1652657400000,31151.69000000,31238.85000000,31125.08000000,31227.11000000,329.76695000,1652658299999,10280495.92497460,6650,200.11695000,6239076.37521840,0
1652658300000,31227.11000000,31397.93000000,31208.18000000,31328.89000000,641.34335000,1652659199999,20083786.40228590,13336,338.56003000,10600949.48531580,0
1652659200000,31328.89000000,31328.90000000,31155.20000000,31155.77000000,716.09816000,1652660099999,22358473.13345080,15217,333.11371000,10399923.79402870,0
1652660100000,31155.77000000,31158.71000000,31048.00000000,31113.86000000,679.38697000,1652660999999,21121153.30704050,16784,364.03417000,11316687.44582400,0
1652661000000,31113.86000000,31184.80000000,31065.51000000,31079.25000000,544.98863000,1652661899999,16952836.20343400,10437,249.21846000,7754797.37452300,0
1652661900000,31079.24000000,31117.46000000,31055.51000000,31111.50000000,345.71310000,1652662799999,10746219.08084810,8553,188.44610000,5857297.27621260,0
1652662800000,31111.50000000,31159.52000000,30904.07000000,31005.99000000,699.59418000,1652663699999,21692067.77693760,14740,306.93917000,9518834.72613960,0
1652663700000,31005.98000000,31030.00000000,30888.05000000,30920.91000000,384.72189000,1652664599999,11908443.92773390,10593,170.44514000,5276574.54327580,0
1652664600000,30920.91000000,30923.64000000,30690.00000000,30750.97000000,1487.35249000,1652665499999,45781242.43416900,24220,728.36678000,22412897.30246110,0
1652665500000,30750.97000000,30800.00000000,30686.55000000,30776.06000000,673.10776000,1652666399999,20696144.25256460,9476,337.29704000,10370418.72636940,0
1652666400000,30776.05000000,30780.00000000,30376.00000000,30460.39000000,1275.23933000,1652667299999,38964751.03769470,21068,594.07451000,18163941.30559190,0
1652667300000,30460.38000000,30526.96000000,30413.96000000,30499.25000000,543.40524000,1652668199999,16554668.27192490,14192,324.73284000,9893137.23642540,0
1652668200000,30499.25000000,30549.76000000,30424.66000000,30457.15000000,453.73768000,1652669099999,13838612.99823300,10060,243.45734000,7425457.50754300,0
1652669100000,30457.15000000,30517.38000000,30393.46000000,30496.35000000,390.04566000,1652669999999,11872857.75709300,7606,203.33228000,6189966.43507350,0
1652670000000,30496.36000000,30520.87000000,30300.00000000,30343.65000000,525.08632000,1652670899999,15961043.35227680,9515,241.37752000,7338018.98143830,0
1652670900000,30343.64000000,30380.00000000,30211.32000000,30270.30000000,505.81501000,1652671799999,15312050.84832530,9583,282.70291000,8557240.64568030,0
1652671800000,30270.29000000,30340.82000000,30224.44000000,30293.95000000,340.94986000,1652672699999,10328692.03457050,7132,198.77538000,6021413.89119280,0
1652672700000,30293.95000000,30345.11000000,30243.95000000,30323.23000000,249.54808000,1652673599999,7560434.65165290,6251,135.34421000,4100842.23825320,0
1652673600000,30323.23000000,30336.73000000,30216.84000000,30292.38000000,262.72312000,1652674499999,7954965.50773050,7485,128.18705000,3880933.43979250,0
1652674500000,30292.37000000,30436.75000000,30270.70000000,30370.54000000,443.59219000,1652675399999,13471950.19135240,9954,248.97750000,7562519.68304910,0
1652675400000,30370.55000000,30423.54000000,30132.86000000,30399.99000000,713.39581000,1652676299999,21605274.02805850,15288,356.10843000,10788127.18906020,0
1652676300000,30400.00000000,30443.04000000,30330.00000000,30330.01000000,284.09063000,1652677199999,8631949.19891810,7004,137.89533000,4189881.96166550,0
1652677200000,30330.00000000,30423.79000000,30307.13000000,30413.59000000,313.54927000,1652678099999,9523077.40842560,7018,203.08359000,6168256.22411820,0
1652678100000,30413.59000000,30473.31000000,30400.00000000,30437.65000000,370.94187000,1652678999999,11288429.52399780,11017,174.89284000,5321836.35676380,0
1652679000000,30437.65000000,30450.00000000,30391.88000000,30432.26000000,266.61812000,1652679899999,8110394.27745170,6598,115.28389000,3506907.43738120,0
1652679900000,30432.25000000,30434.07000000,30250.01000000,30291.11000000,525.16263000,1652680799999,15925211.14049110,10405,225.55625000,6838283.87925880,0
1652680800000,30291.12000000,30291.12000000,29854.19000000,29946.94000000,2207.32022000,1652681699999,66256734.78277060,33840,899.86079000,27008575.62760840,0
1652681700000,29946.94000000,29980.00000000,29376.20000000,29481.46000000,2566.27486000,1652682599999,76035555.03422030,42425,1024.97304000,30370664.29508180,0
1652682600000,29481.46000000,29702.18000000,29391.43000000,29654.35000000,1338.78393000,1652683499999,39520173.47576830,21321,710.65903000,20986389.82392550,0
1652683500000,29654.36000000,29665.95000000,29484.84000000,29578.31000000,806.13599000,1652684399999,23839107.95350570,16070,421.76498000,12470045.53918490,0
1652684400000,29578.30000000,29584.41000000,29368.16000000,29408.05000000,853.58866000,1652685299999,25164192.78672170,15529,389.46660000,11479884.98723810,0
1652685300000,29408.06000000,29565.23000000,29258.00000000,29532.00000000,1025.49241000,1652686199999,30182484.64551630,16385,497.86873000,14654529.40532750,0
1652686200000,29531.99000000,29667.63000000,29476.17000000,29594.22000000,634.04492000,1652687099999,18753797.53467780,11943,325.40792000,9623964.09616980,0
1652687100000,29594.22000000,29741.28000000,29541.95000000,29593.89000000,649.66611000,1652687999999,19234185.67735560,15883,316.56920000,9370867.75718950,0
1652688000000,29593.89000000,29790.87000000,29574.06000000,29718.04000000,892.90570000,1652688899999,26513487.88729740,17257,427.91611000,12707664.49509410,0
1652688900000,29718.05000000,29801.96000000,29687.80000000,29709.41000000,518.80002000,1652689799999,15433372.97370070,14704,234.66842000,6980360.80440310,0
1652689800000,29709.40000000,29900.00000000,29675.39000000,29844.47000000,771.85008000,1652690699999,22993509.34460450,17284,419.34738000,12493214.40226860,0
1652690700000,29844.46000000,29848.95000000,29752.82000000,29797.90000000,419.97825000,1652691599999,12514152.09879330,14058,201.95670000,6017486.80302660,0
1652691600000,29797.90000000,29797.91000000,29577.54000000,29633.43000000,945.23481000,1652692499999,28052540.75177450,20072,400.40750000,11883298.11555220,0
1652692500000,29633.43000000,29681.92000000,29470.00000000,29513.12000000,711.79006000,1652693399999,21045419.45453940,18873,347.06619000,10262865.37933870,0
1652693400000,29513.12000000,29672.99000000,29511.31000000,29627.40000000,441.82436000,1652694299999,13085623.91397040,14338,229.51697000,6797105.31271850,0
1652694300000,29627.41000000,29776.96000000,29607.10000000,29611.29000000,614.90573000,1652695199999,18265334.13976560,15968,310.10538000,9210603.14695540,0
1652695200000,29611.29000000,29770.00000000,29433.90000000,29744.89000000,980.95838000,1652696099999,29044749.43451160,18924,482.67466000,14293673.49326200,0
1652696100000,29744.89000000,29966.69000000,29717.68000000,29828.75000000,1237.89127000,1652696999999,36942621.59745090,21787,689.40612000,20573170.65998180,0
1652697000000,29828.75000000,29985.00000000,29805.12000000,29934.64000000,703.48090000,1652697899999,21047630.15786190,17471,380.98958000,11398563.80150260,0
1652697900000,29934.65000000,30205.00000000,29915.53000000,30177.89000000,1138.41662000,1652698799999,34241387.35155560,24507,707.23345000,21272303.81847960,0
1652698800000,30177.89000000,30202.18000000,30029.92000000,30067.04000000,573.35083000,1652699699999,17257336.67367830,16987,291.59231000,8777829.16430020,0
1652699700000,30067.05000000,30100.00000000,29947.00000000,30059.80000000,705.86196000,1652700599999,21192315.50864270,17363,352.55418000,10584634.92975620,0
1652700600000,30059.79000000,30096.82000000,29950.67000000,30023.71000000,497.81284000,1652701499999,14950894.26310620,14581,240.93323000,7236020.45003390,0
1652701500000,30023.71000000,30046.69000000,29918.81000000,29950.95000000,637.68714000,1652702399999,19121600.99881170,17472,337.13867000,10108676.56809460,0
1652702400000,29950.95000000,29990.30000000,29658.50000000,29800.01000000,1371.77770000,1652703299999,40881934.98457260,25488,643.57707000,19176592.91942640,0
1652703300000,29800.01000000,30135.02000000,29583.83000000,30070.00000000,1328.52364000,1652704199999,39602276.34801300,25667,714.51807000,21309313.38218350,0
1652704200000,30070.01000000,30252.77000000,29762.14000000,29883.22000000,1898.88778000,1652705099999,57074611.09290010,33912,934.86965000,28107901.73806940,0
1652705100000,29883.21000000,29953.21000000,29786.68000000,29893.45000000,843.94478000,1652705999999,25204813.65246000,19037,433.64887000,12950298.07630240,0
1652706000000,29893.44000000,30082.91000000,29852.16000000,29960.00000000,834.30746000,1652706899999,25035641.70744410,21079,349.56189000,10487086.77695000,0
1652706900000,29959.99000000,29974.58000000,29741.55000000,29817.09000000,927.78417000,1652707799999,27697295.25757610,21452,414.26110000,12365378.80341400,0
1652707800000,29817.09000000,29972.11000000,29650.00000000,29779.99000000,1890.56193000,1652708699999,56341238.89219110,31469,893.16154000,26614676.49382470,0
1652708700000,29779.99000000,29790.00000000,29450.00000000,29519.14000000,2080.21630000,1652709599999,61572345.59487720,36284,1029.29907000,30467753.57702840,0
1652709600000,29519.14000000,29778.40000000,29450.53000000,29636.71000000,961.54657000,1652710499999,28490141.60337370,23597,457.59789000,13560584.98803450,0
1652710500000,29636.71000000,29813.39000000,29636.70000000,29787.76000000,716.74724000,1652711399999,21314651.49433320,17299,379.04061000,11271530.55574250,0
1652711400000,29787.75000000,29842.88000000,29571.50000000,29633.40000000,773.79148000,1652712299999,22962751.23216260,19542,364.31251000,10811105.83942440,0
1652712300000,29633.40000000,29634.40000000,29470.58000000,29489.45000000,709.40032000,1652713199999,20960780.72093820,20150,324.14007000,9576997.03937220,0
1652713200000,29489.46000000,29677.32000000,29460.93000000,29592.66000000,713.68691000,1652714099999,21109342.78892830,18703,400.37789000,11842526.84162640,0
1652714100000,29592.67000000,29704.09000000,29585.96000000,29620.74000000,576.88781000,1652714999999,17104102.88366830,18424,277.82258000,8237472.93056600,0
1652715000000,29620.74000000,29667.66000000,29313.48000000,29432.18000000,1844.96445000,1652715899999,54363474.90998280,29230,995.48581000,29338068.81954000,0
1652715900000,29432.19000000,29734.63000000,29409.97000000,29676.56000000,983.60800000,1652716799999,29117566.44312560,24318,512.32071000,15165742.50027330,0
1652716800000,29676.56000000,29746.26000000,29362.00000000,29432.10000000,1147.32453000,1652717699999,33915393.15269460,26628,509.66765000,15062568.38245210,0
1652717700000,29432.10000000,29479.61000000,29315.24000000,29436.72000000,1061.97500000,1652718599999,31224506.68998420,22940,532.27375000,15649364.73362700,0
1652718600000,29436.72000000,29565.24000000,29145.44000000,29229.87000000,1092.04569000,1652719499999,32061926.75755800,25972,462.27335000,13580307.77465120,0
1652719500000,29229.86000000,29387.11000000,29087.04000000,29317.97000000,1136.84484000,1652720399999,33257117.58875550,23212,541.53291000,15843194.37500960,0
1652720400000,29317.98000000,29525.00000000,29255.68000000,29450.82000000,802.19559000,1652721299999,23579326.35709790,19491,479.09539000,14080488.09176240,0
1652721300000,29450.82000000,29653.85000000,29411.49000000,29647.00000000,807.36878000,1652722199999,23855673.14558500,20757,434.99963000,12853541.89729540,0
1652722200000,29646.99000000,29819.72000000,29646.99000000,29751.01000000,836.55117000,1652723099999,24876053.95764910,19495,468.51975000,13932654.97413690,0
1652723100000,29751.01000000,29787.95000000,29676.72000000,29727.47000000,517.73751000,1652723999999,15382693.28111320,15299,256.19842000,7612366.91258380,0
1652724000000,29727.47000000,29900.00000000,29673.67000000,29872.70000000,976.02563000,1652724899999,29103298.77734760,21403,569.08971000,16966772.21597820,0
1652724900000,29872.70000000,29972.01000000,29771.63000000,29926.73000000,653.12076000,1652725799999,19499208.00511840,16274,303.06090000,9049110.62217060,0
1652725800000,29926.73000000,29985.30000000,29844.49000000,29865.40000000,544.68446000,1652726699999,16293308.40149340,12550,253.95563000,7596427.01600110,0
1652726700000,29865.39000000,29931.73000000,29783.15000000,29906.86000000,460.03214000,1652727599999,13737748.18352910,12866,225.04912000,6720300.49112230,0
1652727600000,29906.86000000,29976.94000000,29796.54000000,29832.98000000,757.04145000,1652728499999,22635879.44463680,15039,314.61929000,9407530.43627100,0
1652728500000,29832.97000000,29850.00000000,29739.04000000,29781.33000000,515.83519000,1652729399999,15373462.48293180,13157,231.42454000,6897340.46034060,0
1652729400000,29781.32000000,29804.84000000,29746.77000000,29773.33000000,348.46989000,1652730299999,10374366.27177570,7257,189.87337000,5652768.14593410,0
1652730300000,29773.34000000,29832.76000000,29543.27000000,29576.70000000,788.36727000,1652731199999,23398155.61976340,14999,373.95118000,11096916.48950790,0
1652731200000,29576.70000000,29650.00000000,29543.46000000,29624.92000000,350.64561000,1652732099999,10374063.70292470,8360,195.15673000,5773002.83291990,0
1652732100000,29624.92000000,29744.64000000,29621.93000000,29690.70000000,300.07822000,1652732999999,8903544.67234190,8008,162.65374000,4825816.55883480,0
1652733000000,29690.70000000,29787.46000000,29662.27000000,29770.01000000,350.73211000,1652733899999,10422576.39116730,8711,198.23741000,5891281.82551290,0
1652733900000,29770.00000000,29958.18000000,29758.77000000,29943.48000000,404.68991000,1652734799999,12079926.21649470,10290,228.69332000,6827360.78474350,0
1652734800000,29943.47000000,30259.78000000,29906.59000000,30025.06000000,1079.15944000,1652735699999,32486745.52054660,23599,645.50441000,19432517.44501610,0
1652735700000,30025.06000000,30096.29000000,29937.50000000,29985.21000000,460.33904000,1652736599999,13820363.64879750,13041,243.34196000,7305475.17208140,0
1652736600000,29985.21000000,30162.53000000,29985.20000000,30155.48000000,293.47409000,1652737499999,8828048.13729600,10544,176.77256000,5317546.64276530,0
1652737500000,30155.48000000,30200.00000000,30010.00000000,30170.00000000,370.12066000,1652738399999,11143133.03555860,10649,215.52371000,6489007.32818220,0
1652738400000,30170.01000000,30215.01000000,30095.74000000,30195.06000000,496.47765000,1652739299999,14972626.08003310,9143,267.87380000,8078341.98030360,0
1652739300000,30195.07000000,30225.94000000,30085.95000000,30109.45000000,967.30238000,1652740199999,29180899.09848420,11852,488.42646000,14733727.11683490,0
1652740200000,30109.46000000,30160.00000000,30047.28000000,30101.58000000,418.57915000,1652741099999,12595766.54435980,7912,204.52817000,6154880.11743730,0
1652741100000,30101.58000000,30149.28000000,29980.02000000,30018.45000000,239.28359000,1652741999999,7189283.23342430,7337,105.32918000,3164548.12718860,0
1652742000000,30018.45000000,30044.64000000,29982.94000000,30017.88000000,212.55402000,1652742899999,6381177.48672030,7192,110.57787000,3319767.66807800,0
1652742900000,30017.88000000,30107.85000000,29950.00000000,30030.17000000,312.22602000,1652743799999,9374239.17299510,7822,154.63463000,4643348.57507290,0
1652743800000,30030.18000000,30076.23000000,29841.34000000,29902.84000000,702.89526000,1652744699999,21036858.09109290,11594,347.13626000,10388638.81838050,0
1652744700000,29902.85000000,29913.68000000,29827.92000000,29874.01000000,352.46294000,1652745599999,10528246.14126830,7672,138.36408000,4132888.95034710,0
1652745600000,29874.01000000,29964.88000000,29807.16000000,29917.22000000,402.37920000,1652746499999,12026193.86245820,10600,217.39489000,6497939.03529240,0
1652746500000,29917.21000000,30094.99000000,29908.74000000,30023.59000000,344.74887000,1652747399999,10353433.28996880,9802,185.31500000,5565110.22401490,0
1652747400000,30023.60000000,30136.94000000,29981.98000000,30134.96000000,256.56589000,1652748299999,7711088.71066720,8025,150.99200000,4539012.39844610,0
1652748300000,30134.96000000,30227.79000000,30070.00000000,30150.03000000,786.41138000,1652749199999,23717302.01213390,11958,457.39317000,13795664.10925850,0
1652749200000,30150.03000000,30180.78000000,29942.02000000,29942.02000000,396.66336000,1652750099999,11920209.27597680,10085,161.25852000,4847376.55071470,0
1652750100000,29942.03000000,29959.69000000,29845.92000000,29851.52000000,375.26764000,1652750999999,11221518.35956390,11829,176.17869000,5267924.68384090,0
1652751000000,29851.51000000,29936.62000000,29780.97000000,29882.94000000,571.10948000,1652751899999,17062701.28466080,14074,263.44279000,7871298.23806080,0
1652751900000,29882.94000000,30050.16000000,29870.01000000,29998.27000000,477.41472000,1652752799999,14301882.43261750,12082,246.34854000,7379805.25947890,0
1652752800000,29998.26000000,30140.89000000,29964.87000000,30090.23000000,307.00974000,1652753699999,9231739.04640210,8113,136.88760000,4114059.21839720,0
1652753700000,30090.23000000,30107.91000000,29911.39000000,29920.04000000,380.42517000,1652754599999,11407879.15044250,8430,144.01857000,4318137.69215710,0
1652754600000,29920.04000000,29999.74000000,29894.72000000,29965.69000000,134.53087000,1652755499999,4030064.98031930,5272,71.36398000,2137750.35725840,0
1652755500000,29965.70000000,30065.00000000,29956.65000000,30065.00000000,184.23200000,1652756399999,5529364.27762490,6291,108.57428000,3258590.91629730,0
1652756400000,30064.99000000,30220.32000000,30020.30000000,30158.46000000,541.33555000,1652757299999,16313589.12071750,10674,299.94976000,9039068.39125060,0
1652757300000,30158.45000000,30259.78000000,30113.90000000,30208.99000000,394.18962000,1652758199999,11901737.63924210,8133,200.04328000,6040184.45425010,0
1652758200000,30208.99000000,30508.00000000,30165.41000000,30399.20000000,1225.29304000,1652759099999,37223509.43658620,20363,758.11807000,23029815.28392570,0
1652759100000,30399.21000000,30505.00000000,30352.23000000,30363.59000000,450.82129000,1652759999999,13711804.32712220,9515,221.78570000,6746028.30967130,0
1652760000000,30363.59000000,30390.00000000,30280.03000000,30328.30000000,388.26557000,1652760899999,11772028.40554120,8500,196.72166000,5964502.19366980,0
1652760900000,30328.30000000,30328.30000000,30244.52000000,30265.55000000,257.61193000,1652761799999,7801235.81249720,6067,108.53090000,3286682.01475840,0
1652761800000,30265.55000000,30438.95000000,30260.01000000,30327.50000000,422.57423000,1652762699999,12826023.35637660,9841,215.53849000,6542047.19247450,0
1652762700000,30327.50000000,30413.69000000,30322.19000000,30384.61000000,265.43700000,1652763599999,8062816.96997380,6950,137.32358000,4171080.41597410,0
1652763600000,30384.61000000,30417.87000000,30311.54000000,30314.66000000,271.99295000,1652764499999,8261307.06249880,6562,146.75148000,4457806.85097530,0
1652764500000,30314.65000000,30348.56000000,30282.76000000,30310.89000000,353.38259000,1652765399999,10714362.89276220,6909,199.27837000,6042551.28624590,0
1652765400000,30310.89000000,30412.78000000,30284.54000000,30389.98000000,464.86639000,1652766299999,14106878.44205850,8283,246.55222000,7483204.14253130,0
1652766300000,30389.99000000,30530.00000000,30389.98000000,30466.17000000,436.81911000,1652767199999,13304009.68274550,10576,225.20002000,6857860.67534240,0
1652767200000,30466.17000000,30478.09000000,30370.00000000,30370.01000000,273.46201000,1652768099999,8315192.34803490,7091,133.54033000,4060709.05399720,0
1652768100000,30370.00000000,30420.00000000,30351.14000000,30371.00000000,259.38226000,1652768999999,7879109.84384290,6941,133.01957000,4040595.65690140,0
1652769000000,30370.99000000,30462.81000000,30367.19000000,30439.38000000,262.53025000,1652769899999,7987454.59317260,9839,163.81655000,4983926.30623280,0
1652769900000,30439.39000000,30544.80000000,30398.70000000,30529.99000000,410.33167000,1652770799999,12512440.93069210,11532,216.48712000,6600890.35019320,0
1652770800000,30530.00000000,30578.14000000,30408.62000000,30415.13000000,461.28455000,1652771699999,14067147.87524920,11051,213.98530000,6526456.30822640,0
1652771700000,30415.12000000,30422.82000000,30352.00000000,30368.07000000,264.12104000,1652772599999,8026692.13567370,9467,118.49983000,3601167.25037440,0
1652772600000,30368.07000000,30482.41000000,30368.06000000,30460.02000000,256.48096000,1652773499999,7805122.50632320,7904,132.66688000,4037912.89775120,0
1652773500000,30460.02000000,30495.00000000,30400.00000000,30412.06000000,294.78555000,1652774399999,8976859.47915680,7588,132.23426000,4026921.30737070,0
1652774400000,30412.05000000,30550.00000000,30395.00000000,30541.76000000,438.78248000,1652775299999,13378894.22820590,9698,228.89459000,6979725.02299780,0
1652775300000,30541.77000000,30577.62000000,30503.13000000,30540.02000000,370.15667000,1652776199999,11306936.80815670,8437,179.05003000,5468642.74265970,0
1652776200000,30540.02000000,30788.37000000,30510.19000000,30703.24000000,731.15951000,1652777099999,22414311.04029560,14665,430.14892000,13184544.86939730,0
1652777100000,30703.24000000,30721.34000000,30576.00000000,30577.16000000,432.74840000,1652777999999,13260709.99902130,9358,196.66079000,6026376.94957680,0
1652778000000,30577.16000000,30675.44000000,30566.92000000,30602.97000000,423.14528000,1652778899999,12956076.12132290,8684,249.69468000,7645541.45677760,0
1652778900000,30602.97000000,30721.40000000,30600.74000000,30695.27000000,252.59398000,1652779799999,7745064.66718430,7265,139.78672000,4286084.64950850,0
1652779800000,30695.26000000,30732.97000000,30640.00000000,30666.32000000,408.45102000,1652780699999,12533722.52700510,9360,172.77865000,5301802.55251220,0
1652780700000,30666.31000000,30678.55000000,30584.68000000,30643.05000000,428.56687000,1652781599999,13123492.37439090,8951,186.43234000,5709248.54474010,0
1652781600000,30643.05000000,30650.30000000,30537.42000000,30569.78000000,419.85340000,1652782499999,12843503.38602130,9632,194.22892000,5941684.41394970,0
1652782500000,30569.78000000,30587.73000000,30522.03000000,30580.33000000,288.31583000,1652783399999,8810756.11826940,7150,131.52825000,4019520.86141130,0
1652783400000,30580.32000000,30582.96000000,30457.37000000,30470.85000000,317.78197000,1652784299999,9696652.64643970,9665,127.57085000,3892682.56862770,0
1652784300000,30470.85000000,30549.38000000,30448.48000000,30456.89000000,310.67677000,1652785199999,9477426.38014210,7416,141.91933000,4330118.15851330,0
1652785200000,30456.89000000,30500.00000000,30450.74000000,30488.59000000,196.40867000,1652786099999,5987031.21892270,6765,100.46986000,3062572.17346140,0
1652786100000,30488.59000000,30529.69000000,30372.61000000,30425.99000000,669.42349000,1652786999999,20376875.41023110,12800,342.53458000,10429972.38585240,0
1652787000000,30425.99000000,30458.44000000,30271.21000000,30340.02000000,801.66760000,1652787899999,24328601.38967610,15684,384.42871000,11664963.24590720,0
1652787900000,30340.02000000,30412.70000000,30317.49000000,30319.47000000,597.35500000,1652788799999,18139835.22344410,11375,321.72357000,9769432.67946450,0
1652788800000,30319.48000000,30450.00000000,30290.00000000,30393.32000000,747.25307000,1652789699999,22695639.83959340,11705,494.21924000,15012086.51932710,0
1652789700000,30393.32000000,30589.90000000,30389.50000000,30526.15000000,731.12088000,1652790599999,22297632.69441750,14610,430.20274000,13118903.42312030,0
1652790600000,30526.14000000,30650.00000000,30452.86000000,30576.36000000,781.29137000,1652791499999,23870172.50934400,15384,415.19422000,12685291.23541410,0
1652791500000,30576.37000000,30632.24000000,30506.96000000,30585.44000000,507.69595000,1652792399999,15521652.42252540,11606,245.62091000,7509063.82151640,0
1652792400000,30585.45000000,30602.95000000,30484.40000000,30503.75000000,244.26407000,1652793299999,7457386.84817260,8558,120.16936000,3668597.95565770,0
1652793300000,30503.76000000,30530.77000000,30424.42000000,30530.77000000,567.42948000,1652794199999,17300000.76605920,11594,258.39509000,7877426.57399400,0
1652794200000,30530.76000000,30742.21000000,30388.22000000,30727.35000000,1579.55523000,1652795099999,48333136.92203270,24647,834.67920000,25537979.15667730,0
1652795100000,30727.34000000,30748.00000000,30500.00000000,30516.67000000,878.37397000,1652795999999,26887855.33320390,15569,399.46111000,12228219.07497980,0
1652796000000,30516.66000000,30557.48000000,30330.00000000,30377.55000000,859.33244000,1652796899999,26168354.24939910,15349,421.00133000,12818510.03045980,0
1652796900000,30377.55000000,30461.83000000,30334.69000000,30339.33000000,728.00467000,1652797799999,22135101.10103590,13475,370.33848000,11259996.68750970,0
1652797800000,30339.34000000,30353.04000000,29946.42000000,29951.68000000,1913.73819000,1652798699999,57687206.09052560,29049,723.84422000,21825620.24730190,0
1652798700000,29951.69000000,30120.00000000,29944.48000000,30066.01000000,1545.20520000,1652799599999,46411158.07213920,20856,869.68085000,26122878.24967750,0
1652799600000,30066.01000000,30138.00000000,30033.31000000,30119.01000000,526.01111000,1652800499999,15826156.83124580,11763,295.80926000,8899899.78109620,0
1652800500000,30119.02000000,30124.82000000,29976.37000000,29993.67000000,1024.16399000,1652801399999,30766192.84698490,17068,429.97926000,12917072.49498000,0
1652801400000,29993.66000000,30232.80000000,29990.68000000,30063.21000000,996.08586000,1652802299999,30011100.10092530,19554,482.32213000,14530694.33077670,0
1652802300000,30063.20000000,30167.11000000,30060.12000000,30153.74000000,534.65020000,1652803199999,16106745.69341320,12158,299.74363000,9029407.61487490,0
1652803200000,30153.74000000,30190.74000000,29987.23000000,30025.83000000,855.18440000,1652804099999,25730072.08374520,14136,367.17804000,11049617.53949670,0
1652804100000,30025.83000000,30072.79000000,29883.91000000,30023.93000000,1017.50829000,1652804999999,30499530.60371180,15902,437.66479000,13124534.54284800,0
1652805000000,30023.94000000,30135.64000000,29991.33000000,30108.04000000,555.40435000,1652805899999,16705070.37167570,11711,289.97693000,8721201.82360320,0
1652805900000,30108.05000000,30223.00000000,30103.83000000,30145.93000000,502.12228000,1652806799999,15148481.32335230,11992,254.69879000,7683951.14348150,0
1652806800000,30145.93000000,30272.38000000,30121.70000000,30182.10000000,505.58764000,1652807699999,15265552.06326560,13253,239.20755000,7221805.01524670,0
1652807700000,30182.10000000,30257.58000000,30175.00000000,30175.29000000,513.20924000,1652808599999,15502467.87646220,12543,236.23651000,7136053.99047230,0
1652808600000,30175.29000000,30267.12000000,30155.03000000,30179.64000000,565.30023000,1652809499999,17068611.18738220,13583,273.10872000,8245428.54701320,0
1652809500000,30179.64000000,30228.72000000,30084.72000000,30090.76000000,672.67689000,1652810399999,20302157.69240110,17427,276.90440000,8357487.70625670,0
1652810400000,30090.75000000,30244.00000000,29825.80000000,29928.42000000,1628.57266000,1652811299999,48908831.57349410,29983,750.06126000,22533696.13637130,0
1652811300000,29928.42000000,29934.91000000,29450.38000000,29605.95000000,2433.69049000,1652812199999,72122154.55350400,42753,925.38525000,27418336.79681520,0
1652812200000,29605.95000000,29820.57000000,29520.01000000,29785.48000000,1444.86419000,1652813099999,42840526.17247660,24619,728.37935000,21598927.12268230,0
1652813100000,29785.47000000,29878.72000000,29683.68000000,29851.95000000,1022.49802000,1652813999999,30456302.91019350,22853,556.34439000,16571296.41462120,0
1652814000000,29851.95000000,30291.76000000,29807.45000000,30110.04000000,1555.51846000,1652814899999,46767264.36859820,25870,912.87532000,27444950.97047690,0
1652814900000,30110.04000000,30246.38000000,30082.87000000,30224.97000000,820.16779000,1652815799999,24734703.71542920,14825,488.43266000,14730596.76944560,0
1652815800000,30224.98000000,30320.00000000,30166.86000000,30179.22000000,776.30255000,1652816699999,23484111.28197740,16361,389.73751000,11788499.75562750,0
1652816700000,30179.22000000,30183.49000000,30033.94000000,30097.09000000,892.02884000,1652817599999,26840286.76657320,16666,497.88068000,14978556.86773900,0
1652817600000,30097.10000000,30138.43000000,30045.85000000,30073.58000000,440.21857000,1652818499999,13246291.38849390,13149,258.45906000,7777547.74712990,0
1652818500000,30073.58000000,30210.08000000,30073.58000000,30144.15000000,377.52385000,1652819399999,11387299.31610690,11151,154.47945000,4658778.32773500,0
1652819400000,30144.14000000,30219.51000000,30116.45000000,30192.42000000,251.66336000,1652820299999,7594205.57343370,8123,133.15905000,4018147.77371770,0
1652820300000,30192.42000000,30210.00000000,30099.64000000,30106.56000000,294.26737000,1652821199999,8875052.93816380,7740,122.40289000,3691215.53757160,0
1652821200000,30106.56000000,30224.00000000,30080.00000000,30209.89000000,565.40337000,1652822099999,17061705.49287770,10003,309.99208000,9354237.22611090,0
1652822100000,30209.88000000,30295.04000000,30184.53000000,30271.61000000,270.81406000,1652822999999,8187842.79369010,7753,175.20447000,5297146.24966840,0
1652823000000,30271.60000000,30500.00000000,30271.60000000,30445.72000000,483.23454000,1652823899999,14691805.48816830,14185,278.33475000,8461912.56994550,0
1652823900000,30445.72000000,30669.00000000,30403.33000000,30551.79000000,690.93686000,1652824799999,21110121.17294860,13264,414.78402000,12672654.89656150,0
1652824800000,30551.80000000,30609.25000000,30493.31000000,30509.62000000,487.77652000,1652825699999,14898570.33930830,10037,219.15306000,6692655.52740160,0
1652825700000,30509.62000000,30520.00000000,30349.99000000,30360.01000000,1117.78582000,1652826599999,33982543.39403390,13965,653.45465000,19864469.90005260,0
1652826600000,30360.00000000,30360.01000000,30237.18000000,30285.14000000,402.99026000,1652827499999,12209129.00675180,8021,230.48480000,6980756.07617890,0
1652827500000,30285.14000000,30363.87000000,30285.14000000,30351.47000000,276.26458000,1652828399999,8378601.88406220,6540,140.32003000,4255238.47730000,0
1652828400000,30351.46000000,30569.99000000,30351.46000000,30497.82000000,627.86765000,1652829299999,19135319.09056580,11175,324.01605000,9874810.79188310,0
1652829300000,30497.83000000,30567.91000000,30471.14000000,30545.54000000,395.10666000,1652830199999,12059344.94162740,7909,217.75613000,6645953.62064470,0
1652830200000,30545.55000000,30545.55000000,30425.73000000,30465.48000000,261.62882000,1652831099999,7972459.87285450,8332,105.33582000,3209112.56335010,0
1652831100000,30465.47000000,30534.02000000,30413.48000000,30444.93000000,197.02596000,1652831999999,6004632.44002710,9361,101.23070000,3085498.61492520,0
1652832000000,30444.93000000,30627.72000000,30416.34000000,30556.21000000,438.10971000,1652832899999,13371275.02267210,14776,248.54474000,7584996.46822430,0
1652832900000,30556.21000000,30662.54000000,30518.37000000,30638.50000000,365.04748000,1652833799999,11170735.71720590,12005,202.27166000,6188903.11661900,0
1652833800000,30638.51000000,30709.99000000,30537.74000000,30553.03000000,445.35770000,1652834699999,13637520.93321010,12572,242.09437000,7415782.69171440,0
1652834700000,30553.03000000,30561.61000000,30470.36000000,30501.58000000,263.56171000,1652835599999,8044088.79941860,10891,102.12389000,3116509.26981690,0
1652835600000,30501.57000000,30513.77000000,30390.00000000,30411.42000000,354.03811000,1652836499999,10779217.61466700,10116,125.11900000,3808481.37926640,0
1652836500000,30411.41000000,30456.70000000,30341.01000000,30357.40000000,209.19577000,1652837399999,6361108.99216270,8604,103.43698000,3145422.52593430,0
1652837400000,30357.39000000,30397.17000000,30328.58000000,30333.45000000,182.56624000,1652838299999,5542802.96956250,8929,87.94489000,2670060.11265850,0
1652838300000,30333.45000000,30342.48000000,30063.18000000,30125.40000000,918.33579000,1652839199999,27735698.23309990,17585,424.49373000,12817383.96054870,0
1652839200000,30125.41000000,30191.67000000,30087.70000000,30142.71000000,425.42336000,1652840099999,12825607.94752250,11439,230.62667000,6952748.83712910,0
1652840100000,30142.71000000,30226.52000000,30123.76000000,30191.40000000,503.17941000,1652840999999,15187300.10479310,10849,261.33561000,7887318.97021450,0
1652841000000,30191.41000000,30237.27000000,30116.34000000,30220.29000000,245.14258000,1652841899999,7395756.05634300,10910,115.56780000,3486504.38311840,0
1652841900000,30220.29000000,30229.99000000,30163.97000000,30216.22000000,197.63793000,1652842799999,5970178.99556040,8940,114.92981000,3471571.61669170,0
1652842800000,30216.22000000,30221.41000000,29924.62000000,29942.32000000,662.85235000,1652843699999,19921173.29410660,15650,275.67322000,8284564.91414570,0
1652843700000,29942.32000000,30034.69000000,29824.62000000,29884.10000000,796.18623000,1652844599999,23818101.19370870,17147,371.57641000,11116706.66183830,0
1652844600000,29884.09000000,29939.03000000,29778.54000000,29876.68000000,693.05544000,1652845499999,20702098.16695940,14205,354.53688000,10590179.03574140,0
1652845500000,29876.69000000,29914.77000000,29732.49000000,29831.40000000,660.25805000,1652846399999,19698549.72168610,14493,324.58619000,9685275.21468780,0
1652846400000,29831.40000000,29843.66000000,29754.60000000,29814.20000000,468.66809000,1652847299999,13969653.92024090,12120,254.39109000,7583038.12947470,0
1652847300000,29814.20000000,29934.13000000,29763.10000000,29873.15000000,686.19307000,1652848199999,20494675.04492320,13880,365.40190000,10910598.50551640,0
1652848200000,29873.15000000,29892.80000000,29812.16000000,29865.68000000,322.95311000,1652849099999,9640488.38676350,11006,174.85212000,5219547.06201720,0
1652849100000,29865.67000000,29909.99000000,29802.96000000,29830.00000000,302.40528000,1652849999999,9026507.18169150,8168,137.99540000,4119211.18912440,0
1652850000000,29829.99000000,30043.08000000,29799.99000000,29938.73000000,1466.68180000,1652850899999,43910504.83000030,19833,614.20712000,18388069.36410730,0
1652850900000,29938.73000000,30051.02000000,29932.19000000,29969.01000000,410.51866000,1652851799999,12313092.40064030,12849,215.77062000,6471672.95207180,0
1652851800000,29969.00000000,30048.60000000,29951.76000000,29965.73000000,374.08326000,1652852699999,11223471.75771100,11277,164.66812000,4940251.62677600,0
1652852700000,29965.73000000,30044.45000000,29950.00000000,30032.20000000,215.42503000,1652853599999,6463626.19543370,6473,111.98992000,3359487.63982140,0
1652853600000,30032.19000000,30090.51000000,30006.37000000,30076.62000000,356.37117000,1652854499999,10711104.37589800,8157,196.63265000,5911252.01726150,0
1652854500000,30076.63000000,30076.63000000,29911.61000000,29937.69000000,376.35191000,1652855399999,11284937.96380180,12127,167.06095000,5009117.28889570,0
1652855400000,29937.69000000,29987.41000000,29900.00000000,29965.75000000,286.56695000,1652856299999,8581289.13530960,8797,148.17250000,4436980.41432140,0
1652856300000,29965.75000000,29965.76000000,29739.02000000,29742.23000000,727.06978000,1652857199999,21676777.44452550,13350,340.98948000,10164694.39818480,0
1652857200000,29742.23000000,29855.10000000,29682.97000000,29786.57000000,741.45513000,1652858099999,22078501.36673520,13843,356.47006000,10614112.69730700,0
1652858100000,29786.57000000,29855.23000000,29776.45000000,29782.29000000,348.85643000,1652858999999,10400187.25680370,13248,181.22471000,5402379.34743730,0
1652859000000,29782.28000000,29860.00000000,29750.00000000,29844.86000000,401.17792000,1652859899999,11956183.53046160,13619,218.16857000,6501446.26929810,0
1652859900000,29844.86000000,29918.20000000,29801.00000000,29910.25000000,370.39464000,1652860799999,11058847.25781490,13036,204.57208000,6108060.63180720,0
1652860800000,29910.25000000,29952.93000000,29836.00000000,29861.67000000,400.93813000,1652861699999,11985413.21209650,13744,207.88807000,6213669.40544860,0
1652861700000,29861.67000000,29904.40000000,29745.76000000,29814.92000000,437.03661000,1652862599999,13023465.99849900,14612,222.01366000,6615551.26572930,0
1652862600000,29814.91000000,29853.56000000,29742.99000000,29789.26000000,433.67258000,1652863499999,12915733.07585520,12549,231.67248000,6899359.47750450,0
1652863500000,29789.27000000,29880.00000000,29768.72000000,29875.17000000,348.83331000,1652864399999,10405416.96154710,13550,185.89433000,5544665.00250500,0
1652864400000,29875.17000000,29933.40000000,29839.84000000,29876.61000000,419.99049000,1652865299999,12548880.91002900,13134,217.24914000,6490574.76975590,0
1652865300000,29876.61000000,29880.00000000,29760.42000000,29867.98000000,589.50469000,1652866199999,17576626.84146910,15694,216.42573000,6452758.74843620,0
1652866200000,29867.98000000,29926.07000000,29810.00000000,29926.07000000,532.94518000,1652867099999,15925481.67716900,15226,287.19286000,8581605.97366810,0
1652867100000,29926.07000000,30023.85000000,29890.59000000,29957.35000000,772.23117000,1652867999999,23130733.96520390,16064,486.09147000,14558956.67671210,0
1652868000000,29957.34000000,30040.35000000,29948.17000000,29997.13000000,995.95780000,1652868899999,29872359.98048980,17233,660.70740000,19815082.06836610,0
1652868900000,29997.12000000,30046.79000000,29940.30000000,30037.01000000,683.41872000,1652869799999,20493440.49043460,13270,382.79941000,11477495.69394960,0
1652869800000,30037.02000000,30037.02000000,29924.96000000,29930.37000000,305.57530000,1652870699999,9156681.20946950,10627,129.00498000,3864814.86463630,0
1652870700000,29930.36000000,29963.95000000,29903.37000000,29950.93000000,253.69418000,1652871599999,7593396.13760580,9173,98.23860000,2940348.84946370,0
1652871600000,29950.94000000,29972.08000000,29837.53000000,29841.94000000,429.22718000,1652872499999,12827110.55382290,11786,183.89086000,5495192.47177800,0
1652872500000,29841.94000000,29871.79000000,29790.39000000,29795.45000000,463.63950000,1652873399999,13832675.81226640,11427,192.51581000,5743315.88489880,0
1652873400000,29795.45000000,29847.97000000,29753.66000000,29809.13000000,401.10248000,1652874299999,11955444.42987600,12389,191.42311000,5705650.31469930,0
1652874300000,29809.14000000,29860.04000000,29772.35000000,29833.58000000,316.18825000,1652875199999,9431740.06616880,10673,162.99436000,4861868.85422450,0
1652875200000,29833.59000000,29860.47000000,29728.19000000,29732.41000000,452.45862000,1652876099999,13482021.07350080,11638,177.54527000,5289319.18178490,0
1652876100000,29732.40000000,29909.66000000,29725.00000000,29889.48000000,402.25695000,1652876999999,12007701.70052470,9458,214.02524000,6387209.71645740,0
1652877000000,29889.47000000,29894.52000000,29763.27000000,29792.22000000,383.70133000,1652877899999,11442913.29980890,9386,198.52441000,5920358.35066610,0
1652877900000,29792.22000000,29839.19000000,29514.13000000,29549.51000000,1314.62848000,1652878799999,38924833.22531110,25637,612.66394000,18138641.41750350,0
1652878800000,29549.50000000,29638.02000000,29455.47000000,29622.88000000,1400.45160000,1652879699999,41354319.51251930,21433,710.63609000,20986348.83952380,0
1652879700000,29622.87000000,29680.00000000,29402.38000000,29514.04000000,1068.29501000,1652880599999,31554146.74103200,18487,556.20091000,16431022.43566450,0
1652880600000,29514.04000000,29612.39000000,29289.23000000,29347.66000000,1855.88458000,1652881499999,54679419.89232820,28894,920.25937000,27114874.23286260,0
1652881500000,29347.66000000,29480.04000000,29330.14000000,29348.78000000,929.83847000,1652882399999,27338077.55887290,17023,470.43737000,13831056.97252840,0
1652882400000,29348.79000000,29445.88000000,29313.16000000,29417.35000000,777.26393000,1652883299999,22832809.67681140,15350,436.80610000,12832343.56640500,0
1652883300000,29417.35000000,29500.00000000,29370.00000000,29370.01000000,576.71678000,1652884199999,16987090.81406890,13800,290.87975000,8568087.87921570,0
1652884200000,29370.01000000,29428.82000000,29128.00000000,29148.31000000,1040.35913000,1652885099999,30424866.20480310,21974,442.76090000,12949247.21375360,0
1652885100000,29148.30000000,29260.18000000,29064.74000000,29240.01000000,1100.79427000,1652885999999,32117864.91856650,19064,551.00279000,16077547.67907800,0
1652886000000,29240.00000000,29241.85000000,29094.98000000,29188.81000000,734.51269000,1652886899999,21427347.21765760,15526,347.48382000,10136461.80000760,0
1652886900000,29188.81000000,29191.66000000,28875.00000000,29010.22000000,1928.54120000,1652887799999,55902861.05134540,31761,755.90950000,21906666.98582880,0
1652887800000,29010.22000000,29084.61000000,28890.00000000,29042.33000000,1056.69931000,1652888699999,30643363.83791290,19108,532.88971000,15452935.92362440,0
1652888700000,29042.34000000,29069.67000000,28920.00000000,28984.99000000,672.95488000,1652889599999,19508869.93598640,14576,312.26462000,9051362.80597660,0
1652889600000,28984.98000000,28992.33000000,28750.00000000,28903.65000000,1196.27388000,1652890499999,34517419.70920770,22300,553.59286000,15974255.47639210,0
1652890500000,28903.66000000,29033.73000000,28831.95000000,28987.01000000,982.95801000,1652891399999,28442664.53247580,17810,505.64276000,14631961.54766470,0
1652891400000,28987.01000000,29290.00000000,28921.96000000,29009.65000000,1073.49348000,1652892299999,31210935.14218440,19801,593.53967000,17255836.34006600,0
1652892300000,29009.64000000,29249.44000000,28985.66000000,29222.94000000,905.09704000,1652893199999,26389227.18242300,18575,489.71443000,14279147.98970790,0
1652893200000,29222.93000000,29227.43000000,29030.20000000,29043.21000000,587.81363000,1652894099999,17115547.79380150,16619,272.56332000,7936313.33770690,0
1652894100000,29043.21000000,29161.19000000,29034.24000000,29111.65000000,573.61097000,1652894999999,16684885.28816340,14672,280.40360000,8156403.79172660,0
1652895000000,29111.66000000,29181.82000000,29030.61000000,29055.32000000,586.36069000,1652895899999,17077894.06918990,14747,312.10218000,9090316.88847140,0
1652895900000,29055.31000000,29078.03000000,28929.41000000,28986.62000000,703.32699000,1652896799999,20388647.38796570,18044,323.54270000,9377327.08230620,0
1652896800000,28986.63000000,29037.18000000,28881.35000000,28949.33000000,850.25178000,1652897699999,24612359.73306350,16830,397.83471000,11515863.16663820,0
1652897700000,28949.33000000,29164.06000000,28935.90000000,29164.06000000,598.03706000,1652898599999,17374301.21367100,13938,323.92095000,9410264.09090530,0
1652898600000,29164.05000000,29166.50000000,29070.71000000,29164.27000000,430.72116000,1652899499999,12543924.73849420,13090,230.07283000,6700021.20832550,0
1652899500000,29164.28000000,29263.24000000,29120.00000000,29207.12000000,946.08476000,1652900399999,27616021.06492490,17210,594.39920000,17350652.56117730,0
1652900400000,29207.12000000,29538.19000000,29207.12000000,29288.05000000,1376.16700000,1652901299999,40428883.89954910,28386,791.08582000,23236457.32679300,0
1652901300000,29288.04000000,29348.05000000,29185.00000000,29239.98000000,560.20007000,1652902199999,16392229.11282980,15967,256.88279000,7515160.33063340,0
1652902200000,29239.98000000,29397.53000000,29194.35000000,29272.20000000,570.65702000,1652903099999,16713684.24993650,16561,304.66345000,8924002.22709030,0
1652903100000,29272.20000000,29359.10000000,29266.62000000,29276.55000000,776.49118000,1652903999999,22766344.07391830,16129,360.27582000,10563471.70689410,0
1652904000000,29276.55000000,29293.40000000,29080.97000000,29152.58000000,744.22660000,1652904899999,21724172.41230790,17915,348.97850000,10188919.50043750,0
1652904900000,29152.59000000,29172.52000000,29065.13000000,29105.73000000,365.30912000,1652905799999,10638865.79706950,13507,176.48137000,5139552.36223490,0
1652905800000,29105.74000000,29139.99000000,28960.87000000,29110.01000000,587.37171000,1652906699999,17055937.48272710,16320,287.29297000,8340969.21527460,0
1652906700000,29110.01000000,29244.83000000,29103.81000000,29236.47000000,445.03455000,1652907599999,12990765.91718030,14835,204.45629000,5967514.01211320,0
1652907600000,29236.48000000,29300.97000000,29178.56000000,29292.85000000,396.18981000,1652908499999,11580940.06302170,13885,182.84989000,5345419.82192790,0
1652908500000,29292.85000000,29349.21000000,29241.21000000,29295.65000000,261.85086000,1652909399999,7670283.93078690,9842,133.18167000,3901268.21411870,0
1652909400000,29295.65000000,29295.65000000,29176.64000000,29223.30000000,221.83555000,1652910299999,6483999.07482280,12505,121.76600000,3558660.99221090,0
1652910300000,29223.30000000,29246.91000000,29100.00000000,29208.32000000,332.68409000,1652911199999,9701179.80330520,11770,155.68815000,4540683.33407640,0
1652911200000,29208.31000000,29209.64000000,29104.47000000,29190.90000000,252.34608000,1652912099999,7356855.05928770,7454,132.07781000,3850053.93952970,0
1652912100000,29190.89000000,29411.07000000,29040.00000000,29077.50000000,1233.74133000,1652912999999,36083945.26126220,16478,560.76844000,16403067.99063700,0
1652913000000,29077.51000000,29152.25000000,28958.87000000,28981.11000000,499.27235000,1652913899999,14505147.54328330,10218,227.71041000,6613253.13892620,0
1652913900000,28981.10000000,29024.36000000,28911.05000000,28976.15000000,577.91353000,1652914799999,16745992.11133290,9755,289.32572000,8381310.59816640,0
1652914800000,28976.15000000,29100.00000000,28972.44000000,29037.15000000,359.46358000,1652915699999,10439753.44141950,8229,157.73964000,4581781.14244690,0
1652915700000,29037.15000000,29069.69000000,28770.00000000,28832.20000000,634.14416000,1652916599999,18322121.03088770,12925,264.80455000,7650663.60790410,0
1652916600000,28832.21000000,28920.26000000,28680.00000000,28798.41000000,887.66214000,1652917499999,25547215.47073900,16591,412.46156000,11871865.61581370,0
1652917500000,28798.41000000,28839.85000000,28654.47000000,28715.32000000,538.13492000,1652918399999,15467522.74121940,11144,232.22643000,6674064.63431150,0
1652918400000,28715.33000000,28940.99000000,28700.01000000,28900.00000000,765.65230000,1652919299999,22046515.64752150,13285,334.32608000,9627991.05328980,0
1652919300000,28899.99000000,29013.83000000,28865.97000000,28919.60000000,447.57280000,1652920199999,12950233.87272020,10466,250.50986000,7248617.93817180,0
1652920200000,28919.59000000,29056.56000000,28891.56000000,28899.98000000,452.06751000,1652921099999,13100539.86617150,15121,245.37587000,7110486.70941500,0
1652921100000,28899.98000000,28978.91000000,28889.72000000,28915.78000000,360.63490000,1652921999999,10429334.28569880,12299,206.02257000,5956723.87272460,0
1652922000000,28915.79000000,29033.56000000,28894.81000000,29011.39000000,298.64424000,1652922899999,8649889.36127920,13770,158.72337000,4596966.96541270,0
1652922900000,29011.39000000,29044.29000000,28953.39000000,28978.99000000,296.52967000,1652923799999,8599667.46356490,12698,149.46533000,4334631.62923980,0
1652923800000,28978.98000000,28981.40000000,28861.44000000,28910.70000000,326.02469000,1652924699999,9429391.72681180,12496,158.99481000,4598247.37653520,0
1652924700000,28910.70000000,28915.30000000,28723.00000000,28766.72000000,467.96672000,1652925599999,13489141.95330780,17075,210.63869000,6071488.85166510,0
1652925600000,28766.73000000,28809.95000000,28691.38000000,28703.73000000,413.89667000,1652926499999,11899016.48865560,14769,200.89961000,5774977.48213450,0
1652926500000,28703.73000000,28864.56000000,28692.85000000,28822.48000000,395.73082000,1652927399999,11390414.68407080,14517,203.01326000,5843258.70501650,0
1652927400000,28822.47000000,28916.44000000,28800.00000000,28885.45000000,338.75696000,1652928299999,9775288.33751650,13893,171.82641000,4958002.71587450,0
1652928300000,28885.45000000,29337.52000000,28882.72000000,29167.98000000,1799.93691000,1652929199999,52515625.09607360,30305,983.53841000,28689627.49846180,0
1652929200000,29167.97000000,29322.80000000,29095.96000000,29123.15000000,911.26976000,1652930099999,26614738.79176250,22986,461.17568000,13469618.93726640,0
1652930100000,29123.14000000,29225.04000000,29086.80000000,29191.53000000,594.13027000,1652930999999,17320237.93396880,14467,361.71994000,10546224.52859840,0
1652931000000,29191.53000000,29277.67000000,29159.35000000,29234.20000000,563.07009000,1652931899999,16455046.53062980,12895,328.37676000,9596625.43708730,0
1652931900000,29234.21000000,29293.74000000,29187.97000000,29196.78000000,419.08081000,1652932799999,12256429.05729310,10550,200.65958000,5869173.82833520,0
1652932800000,29196.77000000,29285.00000000,29168.92000000,29221.36000000,495.12911000,1652933699999,14472433.50859560,11874,306.11950000,8944829.92300560,0
1652933700000,29221.37000000,29286.32000000,29143.50000000,29155.87000000,324.84550000,1652934599999,9494697.91483010,10341,170.12100000,4973170.72463190,0
1652934600000,29155.87000000,29171.08000000,29101.26000000,29137.61000000,222.33878000,1652935499999,6478243.86411390,10444,107.43775000,3130230.07944920,0
1652935500000,29137.61000000,29157.44000000,29085.26000000,29096.77000000,212.15002000,1652936399999,6178456.10534880,7226,104.29105000,3037295.81829330,0
1652936400000,29096.77000000,29186.96000000,29080.00000000,29186.53000000,386.09128000,1652937299999,11246669.43605120,9263,220.08713000,6411393.73849420,0
1652937300000,29186.52000000,29200.00000000,29069.24000000,29105.71000000,470.96781000,1652938199999,13720712.68030480,11330,196.41941000,5722811.57883960,0
1652938200000,29105.71000000,29112.71000000,29029.88000000,29079.00000000,351.94747000,1652939099999,10228789.44176040,16118,178.05157000,5174521.06502610,0
1652939100000,29079.00000000,29102.92000000,29036.48000000,29059.99000000,438.64389000,1652939999999,12751336.19007170,13739,201.10580000,5845850.26402450,0
1652940000000,29059.99000000,29189.62000000,29059.99000000,29163.84000000,483.12570000,1652940899999,14073237.97211990,16242,257.91677000,7511203.98092700,0
1652940900000,29163.84000000,29256.26000000,29149.79000000,29226.49000000,609.29235000,1652941799999,17802365.03335740,16109,285.17369000,8332487.32188440,0
1652941800000,29226.49000000,29277.17000000,29145.83000000,29152.97000000,429.04209000,1652942699999,12536589.30677600,17147,181.02490000,5290213.28866130,0
1652942700000,29152.97000000,29432.80000000,29140.02000000,29319.92000000,830.57146000,1652943599999,24324402.38446620,20206,493.24121000,14443557.92505560,0
1652943600000,29319.92000000,29353.80000000,29257.51000000,29274.70000000,534.15288000,1652944499999,15656266.99607540,16440,256.49257000,7518297.46861680,0
1652944500000,29274.71000000,29304.92000000,29190.34000000,29215.78000000,510.63279000,1652945399999,14926782.03769500,18536,218.16212000,6377991.29394020,0
1652945400000,29215.77000000,29215.80000000,29084.00000000,29130.34000000,688.51915000,1652946299999,20071349.62565800,18211,303.51790000,8847261.55556720,0
1652946300000,29130.34000000,29200.00000000,29130.33000000,29192.13000000,338.59618000,1652947199999,9875140.57954580,13511,167.73898000,4891931.96733120,0
1652947200000,29192.13000000,29239.84000000,29082.10000000,29237.28000000,433.10781000,1652948099999,12629387.13274810,15199,200.17707000,5836994.25358030,0
1652948100000,29237.28000000,29259.46000000,29160.14000000,29196.54000000,346.91809000,1652948999999,10130952.39364450,10470,169.12307000,4938876.65748030,0
1652949000000,29196.55000000,29211.16000000,29088.60000000,29117.00000000,460.24599000,1652949899999,13404074.40155500,16222,207.07835000,6030618.16879020,0
1652949900000,29117.00000000,29140.00000000,28950.06000000,28966.75000000,637.60651000,1652950799999,18513061.40112220,18702,292.87847000,8504448.53306270,0
1652950800000,28966.75000000,29061.94000000,28949.37000000,29004.59000000,561.92744000,1652951699999,16296940.64084290,15292,298.30253000,8651650.89960090,0
1652951700000,29004.60000000,29015.77000000,28901.88000000,28921.46000000,511.68252000,1652952599999,14824745.88698980,16127,287.78377000,8338073.83248150,0
1652952600000,28921.46000000,28954.94000000,28855.42000000,28911.52000000,790.08338000,1652953499999,22834319.63013210,17888,272.21265000,7867122.30530240,0
1652953500000,28911.52000000,29045.88000000,28880.00000000,29010.00000000,665.37157000,1652954399999,19288595.13473560,16654,353.46636000,10246277.08198180,0
1652954400000,29009.99000000,29090.00000000,28991.74000000,29048.95000000,501.06212000,1652955299999,14559749.26063740,13551,264.69414000,7690937.20919630,0
1652955300000,29048.94000000,29137.00000000,29016.95000000,29037.18000000,373.11915000,1652956199999,10850094.90765850,13597,214.14678000,6227634.79262790,0
1652956200000,29037.18000000,29184.45000000,28932.63000000,29150.13000000,693.22154000,1652957099999,20138001.17726070,18180,358.04695000,10401826.78895980,0
1652957100000,29150.12000000,29274.12000000,29123.21000000,29205.84000000,841.57012000,1652957999999,24568736.85990840,18076,465.87126000,13599886.25362600,0
1652958000000,29205.84000000,29227.91000000,29122.08000000,29174.69000000,433.93900000,1652958899999,12657126.56493070,14397,215.24418000,6278469.53699230,0
1652958900000,29174.69000000,29355.24000000,29146.97000000,29310.30000000,813.02221000,1652959799999,23800208.12209410,17815,462.14098000,13529081.20619880,0
1652959800000,29310.69000000,29415.59000000,29244.33000000,29379.36000000,727.35317000,1652960699999,21340078.70274730,18301,362.15503000,10624215.27849740,0
1652960700000,29379.36000000,29540.00000000,29350.00000000,29500.20000000,1061.39275000,1652961599999,31257585.70589210,21333,554.23234000,16319582.45646240,0
1652961600000,29499.81000000,29537.72000000,29381.62000000,29487.84000000,866.43002000,1652962499999,25526024.89947820,19165,426.71640000,12570970.80792650,0
1652962500000,29487.84000000,29659.33000000,29380.89000000,29550.52000000,1155.44862000,1652963399999,34130514.18168560,20333,574.08775000,16959034.35872740,0
1652963400000,29550.51000000,29592.37000000,29400.81000000,29459.98000000,831.61939000,1652964299999,24508070.40528430,16042,464.87991000,13699691.54346010,0
1652964300000,29459.98000000,29564.95000000,29420.70000000,29498.45000000,549.61172000,1652965199999,16215819.79992030,12500,309.01030000,9117175.76326230,0
1652965200000,29498.45000000,29747.00000000,29498.45000000,29690.80000000,1303.61805000,1652966099999,38624507.51457480,22501,813.78065000,24104040.02028380,0
1652966100000,29690.81000000,29745.58000000,29580.85000000,29629.92000000,933.31989000,1652966999999,27678842.45272490,18753,464.95484000,13789138.78076590,0
1652967000000,29629.91000000,29777.00000000,29501.00000000,29525.76000000,1595.07591000,1652967899999,47324129.44506500,27231,765.71068000,22720039.81403160,0
1652967900000,29525.76000000,29632.86000000,29353.82000000,29517.33000000,1467.65518000,1652968799999,43223858.65132650,29206,733.89534000,21612389.11426880,0
1652968800000,29517.32000000,29785.40000000,29504.68000000,29720.33000000,1461.86399000,1652969699999,43400471.64285190,23483,728.72743000,21632818.46123140,0
1652969700000,29720.34000000,29900.00000000,29720.33000000,29746.94000000,1371.17238000,1652970599999,40883513.20051460,27950,740.50720000,22078678.57743160,0
1652970600000,29746.94000000,29870.98000000,29710.84000000,29770.92000000,815.51827000,1652971499999,24293413.86969980,23175,385.46622000,11479808.01463810,0
1652971500000,29770.92000000,29880.00000000,29699.43000000,29867.71000000,913.00124000,1652972399999,27197042.04325200,24245,461.00160000,13730955.88896530,0
1652972400000,29867.70000000,29998.00000000,29802.72000000,29982.67000000,1390.45117000,1652973299999,41594360.08174570,29538,660.31547000,19749012.56621850,0
1652973300000,29982.67000000,30223.18000000,29909.75000000,30116.29000000,2015.89467000,1652974199999,60618244.47823730,39516,1194.03570000,35902551.92880000,0
1652974200000,30116.29000000,30516.00000000,30116.28000000,30374.34000000,3026.71272000,1652975099999,91951568.97691750,57143,1791.07704000,54420514.36843450,0
1652975100000,30374.33000000,30545.18000000,30293.34000000,30389.45000000,1560.18120000,1652975999999,47448084.78627890,36618,795.29973000,24188135.26010790,0
1652976000000,30389.45000000,30456.56000000,30219.69000000,30275.07000000,1822.65944000,1652976899999,55316951.28633970,35424,832.61747000,25266170.37905160,0
1652976900000,30275.07000000,30355.77000000,30216.30000000,30271.40000000,906.22512000,1652977799999,27440454.13096790,24895,431.39353000,13060366.68652840,0
1652977800000,30271.40000000,30297.36000000,30119.01000000,30119.01000000,823.45786000,1652978699999,24867645.56729510,28022,382.26419000,11543194.33821500,0
1652978700000,30119.02000000,30225.69000000,30086.84000000,30153.02000000,832.42536000,1652979599999,25100194.34086430,31156,467.69174000,14102518.10717620,0
1652979600000,30153.02000000,30266.41000000,30044.53000000,30085.07000000,793.19669000,1652980499999,23910266.43185390,26063,424.92865000,12810396.21863490,0
1652980500000,30085.06000000,30109.98000000,30011.00000000,30027.94000000,812.75068000,1652981399999,24424641.03443920,28281,419.33307000,12600862.28672990,0
1652981400000,30027.94000000,30165.77000000,30027.94000000,30116.13000000,593.22999000,1652982299999,17849500.71324850,22387,324.89225000,9775148.20862950,0
1652982300000,30116.14000000,30221.09000000,29961.70000000,30191.17000000,1104.76773000,1652983199999,33252179.75341370,27828,598.59601000,18016859.82928490,0
1652983200000,30191.17000000,30335.88000000,30151.32000000,30317.69000000,1018.23744000,1652984099999,30798934.26371690,22486,615.17250000,18606783.56561430,0
1652984100000,30317.69000000,30357.81000000,30193.69000000,30214.74000000,602.06507000,1652984999999,18229673.67594690,22615,338.44270000,10249339.85390140,0
1652985000000,30214.73000000,30259.55000000,30136.74000000,30222.00000000,558.36923000,1652985899999,16859599.43600390,25411,288.67601000,8715519.90317020,0
1652985900000,30222.00000000,30259.63000000,30166.98000000,30224.06000000,494.06506000,1652986799999,14928442.44096540,21505,268.27623000,8105639.74835010,0
1652986800000,30224.06000000,30306.64000000,30069.90000000,30100.01000000,696.04368000,1652987699999,21009128.37273390,26213,360.78025000,10887979.54493270,0
1652987700000,30100.01000000,30113.56000000,29980.00000000,29995.80000000,814.49092000,1652988599999,24480326.18285500,26544,416.48700000,12517155.04630600,0
1652988600000,29995.79000000,30053.26000000,29973.68000000,30011.20000000,592.94208000,1652989499999,17794583.02912360,22024,310.92598000,9330661.65048780,0
1652989500000,30011.20000000,30044.33000000,29967.20000000,29967.40000000,480.88235000,1652990399999,14431100.78878100,18220,242.49253000,7277147.83058840,0
1652990400000,29967.40000000,30093.67000000,29950.45000000,30043.42000000,420.85854000,1652991299999,12636401.55743250,20269,219.80521000,6599263.79380050,0
1652991300000,30043.42000000,30079.74000000,30012.96000000,30042.99000000,258.33023000,1652992199999,7761917.48040470,16222,120.81092000,3630166.66581380,0
1652992200000,30042.99000000,30130.11000000,30024.95000000,30130.11000000,434.46296000,1652993099999,13067304.62658090,17134,204.03667000,6138159.14440990,0
1652993100000,30130.11000000,30270.20000000,30130.10000000,30270.19000000,520.22442000,1652993999999,15703595.98898590,17958,290.96106000,8784391.03548560,0
1652994000000,30270.20000000,30435.65000000,30204.13000000,30412.92000000,676.90789000,1652994899999,20511310.43374350,20763,402.41640000,12194675.20213440,0
1652994900000,30412.92000000,30486.57000000,30274.21000000,30276.18000000,756.38351000,1652995799999,22973224.98328860,26401,376.05034000,11423969.29086660,0
1652995800000,30276.18000000,30337.85000000,30255.99000000,30290.80000000,307.50479000,1652996699999,9312866.33687940,17477,134.58425000,4076137.58427370,0
1652996700000,30290.80000000,30340.00000000,30248.56000000,30276.23000000,420.63780000,1652997599999,12737928.88175280,19644,193.00913000,5844570.92139280,0
1652997600000,30276.24000000,30278.95000000,30181.15000000,30224.23000000,487.82612000,1652998499999,14738379.20522460,21342,236.15582000,7134204.60258720,0
1652998500000,30224.23000000,30224.23000000,30132.11000000,30151.00000000,363.46596000,1652999399999,10963224.54835100,13814,155.24272000,4682652.24450610,0
1652999400000,30151.00000000,30197.59000000,30120.35000000,30142.20000000,253.52441000,1653000299999,7644124.66451340,12036,131.77528000,3973432.85205630,0
1653000300000,30142.20000000,30250.00000000,30110.00000000,30185.18000000,433.14005000,1653001199999,13065333.29413590,12378,235.73288000,7111158.59907110,0
1653001200000,30185.18000000,30278.53000000,30170.00000000,30184.34000000,312.43459000,1653002099999,9444722.67329870,11415,191.88731000,5800604.49360200,0
1653002100000,30184.34000000,30257.58000000,30153.60000000,30242.93000000,340.29954000,1653002999999,10280812.34655950,14037,182.62100000,5517127.79671230,0
1653003000000,30242.93000000,30342.80000000,30225.00000000,30342.80000000,704.07360000,1653003899999,21328367.96345140,27312,498.36269000,15096738.51500820,0
1653003900000,30342.79000000,30450.11000000,30316.59000000,30319.23000000,955.27167000,1653004799999,29025890.82584710,25972,484.04831000,14704084.91634390,0
1653004800000,30319.22000000,30363.69000000,30241.07000000,30260.05000000,473.01841000,1653005699999,14334239.10604390,18222,254.11676000,7700994.97437580,0
1653005700000,30260.06000000,30288.84000000,30151.07000000,30158.79000000,326.78198000,1653006599999,9872169.91971370,14638,155.02329000,4682962.42978820,0
1653006600000,30158.79000000,30305.23000000,30142.93000000,30295.85000000,321.40393000,1653007499999,9715545.19145090,12328,191.03313000,5774558.25896160,0
1653007500000,30295.86000000,30304.21000000,30225.68000000,30264.01000000,203.07942000,1653008399999,6147894.08369730,10894,90.58647000,2742277.30046870,0
1653008400000,30264.00000000,30264.01000000,30130.48000000,30197.23000000,333.15142000,1653009299999,10061027.82046440,15383,166.40005000,5024628.64365660,0
1653009300000,30197.23000000,30380.00000000,30175.90000000,30361.52000000,457.75285000,1653010199999,13869693.54816780,13132,242.13005000,7334900.23309640,0
1653010200000,30361.52000000,30777.33000000,30355.64000000,30654.42000000,2297.62297000,1653011099999,70306913.34797520,53449,1386.49586000,42430090.44898480,0
1653011100000,30654.42000000,30680.60000000,30378.95000000,30475.57000000,1130.02825000,1653011999999,34455493.92428070,29185,577.20914000,17602486.59284400,0
1653012000000,30475.58000000,30512.80000000,30238.97000000,30256.05000000,611.92794000,1653012899999,18578157.39642780,18287,270.43330000,8209525.81567970,0
1653012900000,30256.04000000,30310.00000000,30228.63000000,30303.63000000,315.95714000,1653013799999,9564875.30291100,14632,183.29218000,5548677.52995130,0
1653013800000,30303.64000000,30370.00000000,30260.00000000,30360.00000000,406.16795000,1653014699999,12317766.92648910,15386,188.67508000,5722345.64135300,0
1653014700000,30360.00000000,30383.96000000,30300.00000000,30336.34000000,326.95141000,1653015599999,9921529.59047400,9018,178.44374000,5414759.79746470,0
1653015600000,30336.34000000,30345.24000000,30201.00000000,30237.22000000,344.85485000,1653016499999,10437361.36841610,12937,165.68295000,5014486.70562400,0
1653016500000,30237.23000000,30258.47000000,30183.08000000,30236.51000000,647.35752000,1653017399999,19552755.24277460,13556,444.89791000,13437178.42214620,0
1653017400000,30236.51000000,30241.53000000,30185.31000000,30189.96000000,235.08455000,1653018299999,7100576.78232590,13122,117.10278000,3536641.54682370,0
1653018300000,30189.95000000,30227.30000000,30136.08000000,30175.03000000,403.83751000,1653019199999,12189942.90689980,15224,173.66035000,5242690.49334210,0
1653019200000,30175.04000000,30249.10000000,30154.95000000,30209.34000000,510.10057000,1653020099999,15407035.02541530,17761,310.76987000,9385940.83194830,0
1653020100000,30209.34000000,30236.39000000,30120.00000000,30154.77000000,325.31581000,1653020999999,9813614.12419480,17192,158.00696000,4765992.80481800,0
1653021000000,30154.78000000,30192.03000000,30057.23000000,30070.46000000,435.42954000,1653021899999,13119422.80448600,18204,205.11301000,6180674.60396640,0
1653021900000,30070.46000000,30122.04000000,30012.00000000,30099.67000000,351.00877000,1653022799999,10555183.26216340,18551,159.34049000,4791367.16516380,0
1653022800000,30099.66000000,30099.67000000,30037.08000000,30051.00000000,339.80506000,1653023699999,10216679.51039020,19874,191.76937000,5765535.47345270,0
1653023700000,30051.01000000,30126.13000000,30025.45000000,30102.51000000,242.15610000,1653024599999,7282472.11097730,14899,125.96225000,3788132.49885890,0
1653024600000,30102.51000000,30172.25000000,30066.99000000,30165.10000000,317.72334000,1653025499999,9564166.56526720,15020,175.26242000,5275848.84941570,0
1653025500000,30165.09000000,30194.27000000,30095.18000000,30185.39000000,358.81906000,1653026399999,10817675.22717380,18990,163.44700000,4928051.17183760,0
1653026400000,30185.39000000,30187.81000000,30126.12000000,30157.61000000,341.11773000,1653027299999,10289837.65413690,13193,124.31784000,3749573.86472300,0
1653027300000,30157.62000000,30157.62000000,29960.00000000,29990.00000000,440.02071000,1653028199999,13220089.32660000,19632,182.50992000,5482796.23883580,0
1653028200000,29989.99000000,29990.00000000,29850.51000000,29938.38000000,934.57239000,1653029099999,27944854.14226070,22899,491.63524000,14699988.99101240,0
1653029100000,29938.39000000,30011.70000000,29875.12000000,30005.76000000,388.79814000,1653029999999,11637520.83601930,15877,184.86370000,5533553.75875400,0
1653030000000,30005.77000000,30176.26000000,29965.21000000,30156.23000000,814.19145000,1653030899999,24480731.93296880,19580,430.54932000,12943029.76748050,0
1653030900000,30156.23000000,30240.00000000,30130.05000000,30186.79000000,646.94462000,1653031799999,19526242.60533350,18567,340.38571000,10273408.12378940,0
1653031800000,30186.79000000,30300.00000000,30177.39000000,30265.16000000,564.36486000,1653032699999,17071793.67269550,18099,293.98778000,8892796.65210690,0
1653032700000,30265.16000000,30362.16000000,30240.96000000,30256.74000000,691.31665000,1653033599999,20945171.58805040,19587,374.97879000,11360689.73303840,0
1653033600000,30256.74000000,30310.49000000,30193.27000000,30300.03000000,485.77815000,1653034499999,14701094.40564220,21984,257.99655000,7807792.49748670,0
1653034500000,30300.03000000,30358.26000000,30267.60000000,30350.00000000,517.28260000,1653035399999,15677185.80158610,22462,245.38496000,7435667.16829800,0
1653035400000,30350.00000000,30409.89000000,30284.69000000,30304.88000000,604.38716000,1653036299999,18334109.73963060,20151,191.10943000,5796534.97374680,0
1653036300000,30304.88000000,30309.86000000,30151.89000000,30183.99000000,488.04591000,1653037199999,14747558.41303190,17484,181.21374000,5475254.35026170,0
1653037200000,30183.99000000,30206.06000000,30110.04000000,30160.00000000,379.23436000,1653038099999,11439214.29893590,17168,165.61891000,4996150.86428180,0
1653038100000,30160.01000000,30263.94000000,30160.00000000,30197.86000000,441.05793000,1653038999999,13329804.92899850,18061,234.48747000,7086847.26638640,0
1653039000000,30197.86000000,30336.37000000,30167.20000000,30303.32000000,469.17250000,1653039899999,14205010.49452120,14796,272.06534000,8237367.69876210,0
1653039900000,30303.31000000,30390.00000000,30280.88000000,30301.81000000,513.66114000,1653040799999,15575086.07797350,14392,228.83522000,6938287.70710660,0
1653040800000,30301.81000000,30355.12000000,30268.79000000,30346.87000000,306.72359000,1653041699999,9301090.74084300,10868,164.46944000,4987787.25413160,0
1653041700000,30346.86000000,30416.56000000,30262.28000000,30262.28000000,416.05337000,1653042599999,12620059.54865460,12370,191.80587000,5817300.95715170,0
1653042600000,30262.29000000,30334.73000000,30262.28000000,30307.90000000,330.23022000,1653043499999,10002125.60796110,13801,169.83328000,5144004.94417240,0
1653043500000,30307.90000000,30430.16000000,30274.73000000,30418.99000000,465.63780000,1653044399999,14130032.71978750,13365,278.29859000,8445975.85744380,0
1653044400000,30418.99000000,30489.00000000,30294.02000000,30309.28000000,616.03246000,1653045299999,18728647.21110280,15896,299.88866000,9121795.62362870,0
1653045300000,30309.29000000,30321.91000000,30239.08000000,30308.74000000,406.53575000,1653046199999,12310058.97863490,12081,224.40480000,6794647.90438100,0
1653046200000,30308.74000000,30423.72000000,30304.03000000,30372.03000000,392.89529000,1653047099999,11936161.02697130,10853,224.12424000,6808390.89021450,0
1653047100000,30372.03000000,30535.40000000,30372.02000000,30414.07000000,1075.28052000,1653047999999,32752711.58029060,19900,613.82970000,18695034.89016100,0
1653048000000,30414.06000000,30449.98000000,30306.05000000,30308.51000000,508.71963000,1653048899999,15452631.54024370,19894,253.13761000,7688684.68319260,0
1653048900000,30308.52000000,30341.95000000,30280.42000000,30303.52000000,421.91926000,1653049799999,12787447.98732040,14506,211.58009000,6412594.10876800,0
1653049800000,30303.53000000,30303.53000000,30201.64000000,30241.82000000,359.26324000,1653050699999,10871810.01908840,10485,166.16599000,5027979.50485750,0
1653050700000,30241.82000000,30260.00000000,30080.74000000,30250.25000000,880.36797000,1653051599999,26566818.34279020,22639,442.12599000,13342873.63869390,0
1653051600000,30250.25000000,30319.65000000,30165.00000000,30303.33000000,557.71045000,1653052499999,16865985.67295860,19143,318.38587000,9630034.14021500,0
1653052500000,30303.33000000,30425.00000000,30250.00000000,30312.77000000,834.61197000,1653053399999,25333339.98266440,20966,505.85017000,15353611.74439470,0
1653053400000,30312.77000000,30390.00000000,30103.06000000,30389.92000000,1574.14752000,1653054299999,47595751.63343790,34084,809.93408000,24487714.99430740,0
1653054300000,30389.92000000,30400.00000000,30294.39000000,30362.53000000,723.63440000,1653055199999,21953454.74395020,19788,381.77136000,11581126.61988450,0
1653055200000,30362.55000000,30367.29000000,30093.13000000,30118.50000000,739.52669000,1653056099999,22337202.35454810,21387,353.93907000,10692391.24909590,0
1653056100000,30118.50000000,30190.00000000,29869.00000000,29933.09000000,1520.35895000,1653056999999,45607039.15255150,33501,849.07587000,25467166.09657880,0
1653057000000,29933.08000000,30027.80000000,29738.81000000,29785.56000000,1160.41484000,1653057899999,34642654.80544080,29357,564.13508000,16844787.87820470,0
1653057900000,29785.56000000,29839.60000000,29400.00000000,29489.33000000,2236.89845000,1653058799999,66126859.61967560,42595,950.83234000,28114931.22375890,0
1653058800000,29489.32000000,29491.84000000,29250.51000000,29406.83000000,1861.49268000,1653059699999,54657226.97920160,34028,986.09487000,28958086.07563290,0
1653059700000,29406.83000000,29425.15000000,29143.91000000,29332.64000000,1537.93604000,1653060599999,45019074.77855090,33297,684.67832000,20045427.47551110,0
1653060600000,29332.65000000,29424.02000000,29179.95000000,29186.59000000,976.30129000,1653061499999,28576598.11708990,25021,545.48062000,15967378.20360640,0
1653061500000,29186.60000000,29244.00000000,29071.39000000,29152.90000000,988.22159000,1653062399999,28808986.96679010,23435,492.72777000,14363219.26445780,0
1653062400000,29152.90000000,29152.91000000,28889.00000000,29079.97000000,1824.66167000,1653063299999,52942945.37770320,33148,747.14684000,21682445.98708420,0
1653063300000,29079.97000000,29079.98000000,28882.00000000,28930.50000000,1072.17625000,1653064199999,31061102.85045170,21080,498.61083000,14444780.32650460,0
1653064200000,28930.50000000,29036.42000000,28780.00000000,28822.23000000,1376.85050000,1653065099999,39759858.62836080,26633,594.18323000,17164761.82500610,0
1653065100000,28822.22000000,28990.00000000,28730.00000000,28901.08000000,1132.03512000,1653065999999,32687220.39519210,24684,582.63519000,16824088.61369840,0
1653066000000,28901.09000000,28947.97000000,28799.99000000,28946.22000000,897.54476000,1653066899999,25901122.83905430,18233,536.81866000,15492014.26494950,0
1653066900000,28946.22000000,28971.50000000,28734.00000000,28771.14000000,1164.70765000,1653067799999,33601445.14616580,22766,570.10409000,16452461.78160920,0
1653067800000,28771.14000000,28947.45000000,28734.00000000,28918.03000000,806.31355000,1653068699999,23281813.12636450,16763,440.96242000,12733505.90176390,0
1653068700000,28918.04000000,29025.25000000,28873.02000000,28959.22000000,774.45106000,1653069599999,22427132.85811410,18046,440.22634000,12748844.99814270,0
1653069600000,28959.22000000,28959.22000000,28813.45000000,28884.71000000,589.23222000,1653070499999,17016038.25754010,17665,285.35183000,8240148.34430080,0
1653070500000,28884.71000000,28908.36000000,28835.38000000,28890.01000000,500.36784000,1653071399999,14444618.58343850,15174,246.76280000,7123680.00048220,0
1653071400000,28890.01000000,28950.00000000,28818.86000000,28949.99000000,481.84389000,1653072299999,13914974.25499930,15744,263.88047000,7620175.57428990,0
1653072300000,28949.99000000,29093.32000000,28927.27000000,29010.00000000,650.77059000,1653073199999,18880328.76859340,20476,364.07865000,10562509.22957110,0
1653073200000,29009.99000000,29114.27000000,28934.28000000,29102.21000000,581.36741000,1653074099999,16870088.86396430,16258,318.99946000,9258068.65374230,0
